{
	"home_swiper": [{
			"name": "朋克世界门票预售",
			"colorClass": "uni-bg-red",
			"url": "https://apply-sign.oss-cn-shenzhen.aliyuncs.com/mytrol/img/banner_1.png",
			"content": "拥有特定nft进入新的元宇宙世界 A",
			"router": "https://apply-sign.oss-cn-shenzhen.aliyuncs.com/mytrol/img/banner_option_1.webp"
		},
		{
			"name": "朋克世界门票预售 4",
			"colorClass": "uni-bg-green",
			"url": "https://apply-sign.oss-cn-shenzhen.aliyuncs.com/mytrol/img/banner_2.png",
			"content": "拥有特定nft进入新的元宇宙世界 B",
			"router": "https://apply-sign.oss-cn-shenzhen.aliyuncs.com/mytrol/img/banner_option_2.webp"
		},
		{
			"name": "朋克世界门票预售 3",
			"colorClass": "uni-bg-green",
			"url": "https://apply-sign.oss-cn-shenzhen.aliyuncs.com/mytrol/img/banner_2.png",
			"content": "拥有特定nft进入新的元宇宙世界 B",
			"router": "https://apply-sign.oss-cn-shenzhen.aliyuncs.com/mytrol/img/banner_option_2.webp"
		},
		{
			"name": "朋克世界门票预售 2",
			"colorClass": "uni-bg-green",
			"url": "https://apply-sign.oss-cn-shenzhen.aliyuncs.com/mytrol/img/banner_2.png",
			"content": "拥有特定nft进入新的元宇宙世界 B",
			"router": "https://apply-sign.oss-cn-shenzhen.aliyuncs.com/mytrol/img/banner_option_2.webp"
		},
		{
			"name": "朋克世界门票预售 1",
			"colorClass": "uni-bg-green",
			"url": "https://apply-sign.oss-cn-shenzhen.aliyuncs.com/mytrol/img/banner_2.png",
			"content": "拥有特定nft进入新的元宇宙世界 B",
			"router": "https://apply-sign.oss-cn-shenzhen.aliyuncs.com/mytrol/img/banner_option_2.webp"
		}
	],
	"base_list": [{
			"id":"9",
			"name": "飞天敦煌",
			"imgUrl": "https://oss.mytrol.cn/uni_mytrol/img/nft_swiper/nft2.png",
			"router": "https://oss.mytrol.cn/uni_mytrol/img/nft_swiper/nft_bg.png",
			"index": "0"
		},
		{
			"id":"61",
			"name": "千年故宫",
			"imgUrl": "https://oss.mytrol.cn/uni_mytrol/img/nft_swiper/nft1.png",
			"router": "https://oss.mytrol.cn/uni_mytrol/img/nft_swiper/nft_bg.png",
			"index": "1"
		},
		{
			"id":"70",
			"name": "敦煌飞天",
			"imgUrl": "https://oss.mytrol.cn/uni_mytrol/img/nft_swiper/nft2.png",
			"router": "https://oss.mytrol.cn/uni_mytrol/img/nft_swiper/nft_bg.png",
			"index": "2"
		},
		{
			"id":"72",
			"name": "敦煌飞天",
			"imgUrl": "https://oss.mytrol.cn/uni_mytrol/img/nft_swiper/nft2.png",
			"router": "https://oss.mytrol.cn/uni_mytrol/img/nft_swiper/nft_bg.png",
			"index": "2"
		},
		{
			"id":"73",
			"name": "敦煌飞天",
			"imgUrl": "https://oss.mytrol.cn/uni_mytrol/img/nft_swiper/nft2.png",
			"router": "https://oss.mytrol.cn/uni_mytrol/img/nft_swiper/nft_bg.png",
			"index": "2"
		}
	],
	"NFT_List": [{
			"avatar": "https://oss.mytrol.cn/uni_mytrol/img/mock/Quirky%20and%20Colourful%20Portrait%20Illustrations%20%E2%80%93%20Fubiz%20Media.png",
			"code": "dbcf8fc458aa73fb2b3737176548374c1f6",
			"created_at": "1634201871236",
			"created_by": "https://oss.mytrol.cn/uni_mytrol/img/mock/Quirky%20and%20Colourful%20Portrait%20Illustrations%20%E2%80%93%20Fubiz%20Media.png",
			"description": "谭文贵（艺名：谭老虎），北京虎翼堂堂主，中国长城书画家协会副会长、长城书画院执行院长、国家一级美术师、军旅书法家。\n其代表作《十二生肖》《一笔虎》和篆书《心经》等书法艺术精品被中国邮政和美国、德国、法国、日本、加拿大、荷兰等欧美12个国家邮政制作成邮票发行。",
			"file": "https://oss.mytrol.cn/uni_mytrol/img/mock/Quirky%20and%20Colourful%20Portrait%20Illustrations%20%E2%80%93%20Fubiz%20Media.png",
			"id": "15",
			"name": "十二生肖：猪",
			"nickname": "千画数艺",
			"number": "99",
			"price": "198",
			"published_at": "1634201986898",
			"tx_hash": "5d13383abb0a490160a3934db362b0ff3e5b4f4171e0ae90bc4206bfaf92c662",
			"user_id": "8",
			"hot": "https://oss.mytrol.cn/uni_mytrol/img/mock/hot.png"
		},
		{
			"avatar": "https://oss.mytrol.cn/uni_mytrol/img/mock/Quirky%20and%20Colourful%20Portrait%20Illustrations%20%E2%80%93%20Fubiz%20Media.png",
			"code": "dbcf8fc458aa73fb2b3737176548374c1f6",
			"created_at": "1634201871236",
			"created_by": "https://oss.mytrol.cn/uni_mytrol/img/mock/Quirky%20and%20Colourful%20Portrait%20Illustrations%20%E2%80%93%20Fubiz%20Media.png",
			"description": "谭文贵（艺名：谭老虎），北京虎翼堂堂主，中国长城书画家协会副会长、长城书画院执行院长、国家一级美术师、军旅书法家。\n其代表作《十二生肖》《一笔虎》和篆书《心经》等书法艺术精品被中国邮政和美国、德国、法国、日本、加拿大、荷兰等欧美12个国家邮政制作成邮票发行。",
			"file": "https://oss.mytrol.cn/uni_mytrol/img/mock/nft_1.webp",
			"id": "15",
			"name": "十二生肖：猪",
			"nickname": "千画数艺",
			"number": "99",
			"price": "197",
			"published_at": "1634201986898",
			"tx_hash": "5d13383abb0a490160a3934db362b0ff3e5b4f4171e0ae90bc4206bfaf92c662",
			"user_id": "8",
			"hot": "https://oss.mytrol.cn/uni_mytrol/img/mock/hot.png"
		},
		{
			"avatar": "https://oss.mytrol.cn/uni_mytrol/img/mock/Quirky%20and%20Colourful%20Portrait%20Illustrations%20%E2%80%93%20Fubiz%20Media.png",
			"code": "dbcf8fc458aa73fb2b3737176548374c1f6",
			"created_at": "1634201871236",
			"created_by": "https://oss.mytrol.cn/uni_mytrol/img/mock/Quirky%20and%20Colourful%20Portrait%20Illustrations%20%E2%80%93%20Fubiz%20Media.png",
			"description": "谭文贵（艺名：谭老虎），北京虎翼堂堂主，中国长城书画家协会副会长、长城书画院执行院长、国家一级美术师、军旅书法家。\n其代表作《十二生肖》《一笔虎》和篆书《心经》等书法艺术精品被中国邮政和美国、德国、法国、日本、加拿大、荷兰等欧美12个国家邮政制作成邮票发行。",
			"file": "https://oss.mytrol.cn/uni_mytrol/img/mock/nft_2.webp",
			"id": "15",
			"name": "十二生肖：猪",
			"nickname": "千画数艺",
			"number": "99",
			"price": "196",
			"published_at": "1634201986898",
			"tx_hash": "5d13383abb0a490160a3934db362b0ff3e5b4f4171e0ae90bc4206bfaf92c662",
			"user_id": "8",
			"hot": "https://oss.mytrol.cn/uni_mytrol/img/mock/hot.png"
		},
		{
			"avatar": "https://oss.mytrol.cn/uni_mytrol/img/mock/Quirky%20and%20Colourful%20Portrait%20Illustrations%20%E2%80%93%20Fubiz%20Media.png",
			"code": "dbcf8fc458aa73fb2b3737176548374c1f6",
			"created_at": "1634201871236",
			"created_by": "https://oss.mytrol.cn/uni_mytrol/img/mock/Quirky%20and%20Colourful%20Portrait%20Illustrations%20%E2%80%93%20Fubiz%20Media.png",
			"description": "谭文贵（艺名：谭老虎），北京虎翼堂堂主，中国长城书画家协会副会长、长城书画院执行院长、国家一级美术师、军旅书法家。\n其代表作《十二生肖》《一笔虎》和篆书《心经》等书法艺术精品被中国邮政和美国、德国、法国、日本、加拿大、荷兰等欧美12个国家邮政制作成邮票发行。",
			"file": "https://oss.mytrol.cn/uni_mytrol/img/mock/nft_3.webp",
			"id": "15",
			"name": "十二生肖：猪",
			"nickname": "千画数艺",
			"number": "99",
			"price": "195",
			"published_at": "1634201986898",
			"tx_hash": "5d13383abb0a490160a3934db362b0ff3e5b4f4171e0ae90bc4206bfaf92c662",
			"user_id": "8",
			"hot": "https://oss.mytrol.cn/uni_mytrol/img/mock/hot.png"
		}
	]
}
